file,a,b,c,d,e,s,t,x0,y0,laser,laser_axis,photo_axis,max_residual[px]
fotos_2023nov/1.jpg,0.002562264630498903,754.7722669903717,-0.01635680527258595,706.0846678362448,-26.93900882858121,0.0012394360610602539,0.0012458960087495163,-15.077152022040337,1.8088152777738913,"2W, saturn scanner",straight,straight,3.452025804599068
fotos_2023nov/2.jpg,-0.034981719487113136,573.2856386339537,0.04230150279453183,377.63482530040244,148.88498752595348,0.0015616147985240783,0.0015238368915475708,33.15608040370841,-28.657638960862325,2W_1,straight,straight,10.792288743326965
fotos_2023nov/3.jpg,-0.06581894552887792,597.2967300030465,0.008380912591563087,402.62871860600393,133.81126741077978,0.0015042851673551564,0.001508343325391801,6.651915760222302,-53.89877466071546,2W_2,straight,straight,9.054821295320524
fotos_2023nov/4.jpg,-0.018080504423354578,963.6802878159626,0.02308984913672104,867.7990002422365,-4.220377998886333,0.000994110633113832,0.0010393063875403822,23.86561956606296,-20.062373197200422,"10W, 3m->2m wide",straight,straight,6.518980863578124
fotos_2023nov/5.jpg,-0.02939453609727459,705.5738898928225,-0.00858053815052756,464.84595684427416,100.07138803717442,0.0013143748200526927,0.001467069965631963,-6.7251164789567,-26.506578492942776,selfbuild,straight,straight,36.54698274168448
fotos_2/20210618_095352.JPG,-0.03309477161649293,563.7783421078014,0.02779496418810786,378.3505475833331,144.07569054843123,0.0015820976793645702,0.0015310233141502736,21.601213027572978,-26.60501008547395,laser model basic,straight,angle,12.79258386768681
